reversal_strength,shift_accuracy
0.0,1.0
0.1,0.9
0.3,0.6866666666666666
0.5,0.46
0.7,0.25666666666666665
0.9,0.10333333333333333
1.0,0.0
